admin1Name_en,admin1Name_fr,admin1Name_ht,admin1Pcode,admin1RefName,admin1AltName1_en,admin1AltName2_en,admin1AltName1_fr,admin1AltName2_fr,admin1AltName1_ht,admin1AltName2_ht,admin0Name_en,admin0Name_fr,admin0Name_ht,admin0Pcode,date,validOn,validTo
Artibonite,Artibonite,Latibonit,HT05,,,,,,,,Haiti,Haïti,Ayiti,HT,2017-09-06,2018-11-29,
Centre,Centre,Sant,HT06,,,,,,,,Haiti,Haïti,Ayiti,HT,2017-09-06,2018-11-29,
Grande'Anse,Grande'Anse,Grandans,HT08,GrandeAnse,,,,,,,Haiti,Haïti,Ayiti,HT,2017-09-06,2018-11-29,
Nippes,Nippes,Nip,HT10,,,,,,,,Haiti,Haïti,Ayiti,HT,2017-09-06,2018-11-29,
North,Nord,Nò,HT03,,,,,,,,Haiti,Haïti,Ayiti,HT,2017-09-06,2018-11-29,
North-East,Nord-Est,Nòdès,HT04,,,,,,,,Haiti,Haïti,Ayiti,HT,2017-09-06,2018-11-29,
North-West,Nord-Ouest,Nòdwès,HT09,,,,,,,,Haiti,Haïti,Ayiti,HT,2017-09-06,2018-11-29,
South,Sud,Sid,HT07,,,,,,,,Haiti,Haïti,Ayiti,HT,2017-09-06,2018-11-29,
South-East,Sud-Est,Sidès,HT02,,,,,,,,Haiti,Haïti,Ayiti,HT,2017-09-06,2018-11-29,
West,Ouest,Lwès,HT01,,,,,,,,Haiti,Haïti,Ayiti,HT,2017-09-06,2018-11-29,
